Edwin,Zeledon,ezeledon,123,[]
Jean,Vargas,jvargas,123,[]
Yoseiling,Martinez,ymartinez,123,[]
Gerald,Elizondo,gelizondo,123,[]
Allison,Solano,asolano,123,[]
Natalia,Tobal,ntobal,123,[]